[ {"QueryParams" : [{
     "strCSVFile" : "generator_data.csv",
     "bAppendToFile" : "False",
     "SimulationPhaseId" : "STSchedule",
     "CollectionId" : "SystemFuels",
     "ParentName" : "",
     "ChildName" : "",
     "PeriodTypeId" : "FiscalYear",
     "SeriesTypeId" : "Values",
     "PropertyList" : "1",
     "DateFrom" : "4/1/2024",
     "DateTo" : "4/1/2024",
     "TimesliceList" : "0",
     "SampleList" : "",
     "ModelName" : "",
     "AggregationType" : "Category",
     "Category" : "",
     "Separator" : ","
     },
     {
     "strCSVFile" : "generator_data.csv",
     "bAppendToFile" : "False",
     "SimulationPhaseId" : "STSchedule",
     "CollectionId" : "SystemRegions",
     "ParentName" : "",
     "ChildName" : "",
     "PeriodTypeId" : "FiscalYear",
     "SeriesTypeId" : "Values",
     "PropertyList" : "52",
     "DateFrom" : "4/1/2024",
     "DateTo" : "4/1/2024",
     "TimesliceList" : "0",
     "SampleList" : "",
     "ModelName" : "",
     "AggregationType" : "Category",
     "Category" : "",
     "Separator" : ","
     },
     {
     "strCSVFile" : "generator_data.csv",
     "bAppendToFile" : "False",
     "SimulationPhaseId" : "STSchedule",
     "CollectionId" : "SystemRegions",
     "ParentName" : "",
     "ChildName" : "",
     "PeriodTypeId" : "FiscalYear",
     "SeriesTypeId" : "Values",
     "PropertyList" : "1",
     "DateFrom" : "4/1/2024",
     "DateTo" : "4/1/2024",
     "TimesliceList" : "0",
     "SampleList" : "",
     "ModelName" : "",
     "AggregationType" : "Category",
     "Category" : "",
     "Separator" : ","
     }
     ]
     ,
  "Weighting" : 1,
  "ModelName" : "PLEXOS",
  "TuningKey" : "TotalCost",
  "RootFolder" : "C:\\Users\\plexos\\Documents\\GitHub\\shiny-rotary-phone\\PLEXOS Data Solution Files",
  "ModelType" : "NN",
  "Y" : "TotalCost"
 }
]